dept,number,dept 2,number 2,dept 3,number 3,dept 4,number 4,dept 5,number 5,course name,credits,evals,freshman,sophomore,junior,senior,year 5,masters,other,phd
EARTH,2,,,,,,,,,Climate and Society,3,99,,,,,,,,
EARTHSYS,100A,GEOLSCI,6,,,,,,,Data Science for Geoscience,3,0,,,,,,,,
ENERGY,101,EARTHSYS,101,,,,,,,Energy and the Environment,3,46,39,18,13,19,0,11,0,0
BIO,105A,EARTHSYS,105A,,,,,,,Ecology and Natural History of Jasper Ridge Biological Preserve,4,45,26,35,24,10,0,0,0,5
EARTHSYS,106B,EARTHSYS,206B,GEOPHYS,106,GEOPHYS,206,,,Sustainable and Equitable Water Management,4,0,,,,,,,,
ESS,111,BIO,117,EARTHSYS,111,EARTHSYS,217,,,Biology and Global Change,4,104,2,20,41,29,1,4,3,0
ESS,223,EARTHSYS,123A,EARTHSYS,223,ESS,123,,,Biosphere-Atmosphere Interactions,4,4,,,,,,,,
EARTHSYS,141,EARTHSYS,241,ESS,141,ESS,241,GEOPHYS,141,Remote Sensing of the Oceans,4,26,4,8,23,19,4,23,0,19
EARTHSYS,146B,CEE,162I,CEE,262I,ESS,246B,,,"Atmosphere, Ocean, and Climate Dynamics: the Ocean Circulation",3,41,,,,,,,,
EARTHSYS,164,CEE,162D,CEE,262D,ESS,148,,,Introduction to Physical Oceanography,4,28,4,10,16,6,6,50,0,8
EARTHSYS,177C,COMM,177C,COMM,277C,EARTHSYS,277C,,,Specialized Writing and Reporting: Health and Science Journalism,5,31,,,,,,,,
EARTHSYS,183,ESS,185,,,,,,,Adaptation,3,0,,,,,,,,
EARTHSYS,185,,,,,,,,,Feeding Nine Billion,5,93,21,19,15,26,2,15,0,2
EARTHSYS,255,BIO,180,ESS,255,GEOLSCI,233A,,,Microbial Physiology,3,46,,,,,,,,
ENERGY,121,ENERGY,221,,,,,,,Fundamentals of Multiphase Flow,3,55,20,0,0,0,0,56,0,24
ESS,158,EARTHSYS,158,EARTHSYS,258,ESS,258,,,Geomicrobiology,3,14,,,,,,,,
GEOLSCI,42,EARTH,42,,,,,,,Moving and Shaking in the Bay Area,4,17,,,,,,,,
GEOLSCI,45,,,,,,,,,Developing and maintaining a habitable Earth: A global challenge?,3,0,,,,,,,,
GEOLSCI,136,GEOLSCI,236,BIO,136,BIO,236,,,Macroevolution,3,0,,,,,,,,
GEOPHYS,128,GEOPHYS,228,,,,,,,Modeling Earth,4,0,,,,,,,,
GEOPHYS,181,GEOPHYS,203,,,,,,,Fluids and Flow in the Earth: Computational Methods,3,9,,,,,,,,
AA,102,,,,,,,,,Introduction to Applied Aerodynamics,3,8,,,,,,,,
AA,113,,,,,,,,,Aerospace Computational Science,3,0,,,,,,,,
AA,120Q,,,,,,,,,Building Trust in Autonomy,3,21,,,,,,,,
AA,146A,,,,,,,,,Aircraft Design,4,0,,,,,,,,
AA,174B,AA,274B,CS,237B,EE,260B,,,Principles of Robot Autonomy II,4,0,,,,,,,,
BIOE,44,,,,,,,,,Fundamentals for Engineering Biology Lab,4,139,2,77,15,4,2,0,0,0
BIOE,122,EMED,122,EMED,222,PUBLPOL,122,PUBLPOL,222,BioSecurity and Pandemic Resilience,5,257,12,40,30,18,0,0,0,0
BIOE,150,CHEMENG,150,CHEMENG,250,,,,,Biochemical Engineering,3,0,0,0,11,83,3,3,0,0
BIOE,177,,,,,,,,,Inventing the Future,4,0,4,34,23,31,8,0,0,0
CHEMENG,20,ENGR,20,,,,,,,Introduction to Chemical Engineering,4,77,77,23,0,0,0,0,0,0
CHEMENG,110B,,,,,,,,,Multi-Component and Multi-Phase Thermodynamics,3,0,0,5,93,0,0,0,0,2
CHEMENG,120A,,,,,,,,,Fluid Mechanics,4,58,0,26,72,0,0,0,0,2
CHEMENG,183,CHEM,183,CHEMENG,283,,,,,Biochemistry II,3,57,0,0,39,47,2,7,0,5
CHEMENG,185A,,,,,,,,,Chemical Engineering Laboratory A,5,49,0,0,5,92,3,0,0,0
CEE,32G,ARTHIST,142,,,,,,,Architecture Since 1900,4,8,,,,,,,,
CEE,70,ENGR,90,,,,,,,Environmental Science and Technology,3,255,8,22,27,29,6,0,8,0
CEE,101A,,,,,,,,,Mechanics of Materials,4,25,0,24,62,14,0,0,0,0
CEE,101B,,,,,,,,,Mechanics of Fluids,4,67,5,23,35,9,5,23,0,0
CEE,102A,,,,,,,,,"Legal / Ethical Principles in Design, Construction, Project Delivery",3,0,0,25,50,15,10,0,0,0
CEE,107R,CEE,207R,,,,,,,Extreme Energy Efficiency,3,17,,,,,,,,
CEE,134B,CEE,234B,,,,,,,Intermediate Arch Studio,5,32,0,13,38,37,0,6,0,6
CEE,136,PUBLPOL,130,CEE,236,PUBLPOL,230,URBANST,130,"Planning Calif: the Intersection of Climate, Land Use, Transportation & the Economy",3,0,,,,,,,,
CEE,156,CEE,256,,,,,,,Building Systems Design & Analysis,4,66,1,4,16,14,0,65,0,0
CEE,166B,CEE,266B,,,,,,,Water Resources and Hazards,3,61,5,0,0,8,3,79,0,5
CEE,173S,CEE,273S,,,,,,,Electricity Economics,3,18,,,,,,,,
CEE,174A,,,,,,,,,Providing Safe Water for the Developing and Developed World ,3,52,9,4,9,17,4,53,0,4
CEE,176A,,,,,,,,,Energy Efficient Buildings,4,142,6,12,11,10,1,60,0,0
CEE,182,,,,,,,,,Structural Design,4,19,4,4,15,54,0,23,0,0
CME,102,ENGR,155A,,,,,,,Ordinary Differential Equations for Engineers,5,121,75,16,5,3,0,1,0,0
CME,106,ENGR,155C,,,,,,,Introduction to Probability and Statistics for Engineers,4,366,8,33,15,10,2,28,1,3
CME,108,MATH,114,,,,,,,Introduction to Scientific Computing,3,109,3,20,17,18,2,32,3,5
CME,187,BIO,187,,,,,,,Mathematical Population Biology,3,0,,,,,,,,
CS,103,,,,,,,,,Mathematical Foundations of Computing,5,725,16,52,15,4,1,6,4,2
CS,106A,,,,,,,,,Programming Methodology,5,1571,52,15,6,4,0,11,7,5
CS,106B,,,,,,,,,Programming Abstractions,5,1245,42,20,7,3,0,17,4,7
CS,107,,,,,,,,,Computer Organization and Systems,5,609,29,34,10,2,1,14,5,5
CS,107E,,,,,,,,,Computer Systems from the Ground Up,5,180,61,32,0,0,0,7,0,0
CS,108,,,,,,,,,Object-Oriented Systems Design,4,338,2,27,26,11,2,21,8,3
CS,109,,,,,,,,,Introduction to Probability for Computer Scientists,5,624,22,42,17,4,1,7,6,1
CS,110,,,,,,,,,Principles of Computer Systems,5,538,8,43,18,8,1,17,3,2
CS,129,,,,,,,,,Applied Machine Learning,4,37,,,,,,,,
CS,140,,,,,,,,,Operating Systems and Systems Programming,4,285,1,19,23,7,0,36,8,6
CS,142,,,,,,,,,Web Applications,3,162,13,27,17,9,1,29,1,3
CS,147,,,,,,,,,Introduction to Human-Computer Interaction Design,5,153,3,23,27,21,1,24,0,1
CS,152,,,,,,,,,Trust and Safety Engineering,3,7,,,,,,,,
CS,161,,,,,,,,,Design and Analysis of Algorithms,5,384,4,22,23,10,2,25,6,8
CS,182,COMM,180,ETHICSOC,182,PHIL,82,POLISCI,182,"Ethics, Public Policy, and Technological Change",5,0,,,,,,,,
CS,182W,,,,,,,,,"Ethics, Public Policy, and Technological Change (WIM)",5,0,,,,,,,,
CS,187,,,,,,,,,Design for Impact in Social Systems,4,0,,,,,,,,
EE,101A,,,,,,,,,Circuits I,4,178,12,71,7,3,0,2,5,0
EE,102B,,,,,,,,,Signal Processing and Linear Systems I,4,179,11,66,14,2,1,3,0,3
EE,108,,,,,,,,,Digital System Design,4,148,1,48,41,8,0,1,0,1
EE,124,,,,,,,,,Introduction to Neuroelectrical Engineering,3,66,,,,,,,,
EE,168,,,,,,,,,Introduction to Digital Image Processing,4,36,0,6,58,24,0,6,0,6
ENGR,14,,,,,,,,,Intro to Solid Mechanics,3,204,13,65,18,4,0,0,0,0
ENGR,15,,,,,,,,,Dynamics,3,271,5,45,40,10,0,0,0,0
ENGR,40M,,,,,,,,,An Intro to Making: What is EE,5,319,17,36,28,14,4,0,0,1
ENGR,105,,,,,,,,,Feedback Control Design,3,117,3,3,21,15,3,49,3,3
ENGR,108,,,,,,,,,Introduction to Matrix Methods,5,0,6,46,42,6,0,0,0,0
ENGR,148,ENGR,248,,,,,,,Principled Entrepreneurial Decisions,3,33,,,,,,,,
MS&E,125,,,,,,,,,Introduction to Applied Statistics,4,165,,,,,,,,
MS&E,135,,,,,,,,,Networks,3,159,,,,,,,,
MS&E,140,,,,,,,,,Accounting for Managers and Entrepreneurs,4,237,8,14,12,10,1,43,9,3
MS&E,146,MS&E,249,,,,,,,Corporate Financial Management,4,56,0,6,23,39,3,26,3,0
MS&E,175,,,,,,,,,"Innovation, Creativity, and Change",4,71,2,22,42,28,2,2,2,0
MS&E,180,,,,,,,,,Organizations: Theory and Management,4,291,0,7,49,43,1,0,0,0
MATSCI,143,,,,,,,,,Materials Structure and Characterization,4,11,8,38,42,8,0,0,0,4
MATSCI,145,,,,,,,,,Kinetics of Materials Synthesis,4,13,,,,,,,,
MATSCI,152,,,,,,,,,Electronic Materials Engineering,4,23,,,,,,,,
MATSCI,192,MATSCI,202,,,,,,,Materials Chemistry,4,90,14,1,4,4,1,37,0,39
MATSCI,196,MATSCI,206,,,,,,,Defects in Crystalline Solids,4,78,14,2,2,4,1,41,0,36
MATSCI,197,MATSCI,207,,,,,,,Rate Processes in Materials,4,71,32,0,11,0,0,16,0,41
ME,1,,,,,,,,,Introduction to Mechanical Engineering,3,92,,,,,,,,
ME,30,,,,,,,,,Engineering Thermodynamics,3,165,,,,,,,,
ME,70,,,,,,,,,Introductory Fluids Engineering,3,251,1,44,46,9,0,0,0,0
ME,80,,,,,,,,,Mechanics of Materials,3,121,0,19,45,34,1,1,0,0
ME,101,,,,,,,,,Visual Thinking,4,114,7,69,21,2,1,0,0,0
ME,103,,,,,,,,,Product Realization: Design and Making,4,95,,,,,,,,
ME,104,,,,,,,,,Mechanical Systems Design,4,27,0,0,28,70,1,1,0,0
ME,115A,,,,,,,,,Introduction to Human Values in Design,3,154,2,2,67,22,4,3,0,0
ME,125,,,,,,,,,Visual Frontiers,3,50,,,,,,,,
ME,127,,,,,,,,,Design for Additive Manufacturing,3,30,,,,,,,,
ME,128,,,,,,,,,Computer-Aided Product Realization,4,28,,,,,,,,
ME,129,,,,,,,,,Manufacturing Processes and Design,3,0,,,,,,,,
ME,131,,,,,,,,,Heat Transfer,4,27,0,1,56,36,3,3,1,0
AFRICAAM,18A,MUSIC,18A,,,,,,,"Jazz History: Ragtime to Bebop, 1900-1940",3,26,0,5,51,41,3,0,0,0
AFRICAAM,42,,,,,,,,,Clothing and Black Expressive Culture in African American History,5,0,,,,,,,,
AFRICAAM,43,AMSTUD,12A,ENGLISH,12A,,,,,Introduction to English III: Introduction to African American Literature,5,97,11,27,28,28,6,0,0,0
AFRICAAM,50B,CSRE,50S,HISTORY,50B,,,,,Nineteenth Century America,3,85,31,16,23,28,2,0,0,0
AFRICAAM,112B,ENGLISH,112B,,,,,,,African Literature: From Chinua Achebe to Afrofuturism,5,0,,,,,,,,
AFRICAAM,132,CSRE,122S,HUMBIO,122S,,,,,"Social Class, Race, Ethnicity, and Health",4,46,7,7,35,47,2,2,0,0
AFRICAAM,150B,AMSTUD,150B,CSRE,150S,HISTORY,150B,,,Nineteenth Century America,5,95,22,33,23,20,2,0,0,0
AFRICAAM,179A,CSRE,179A,SOC,179A,SOC,279A,,,Crime and Punishment in America,5,0,,,,,,,,
AFRICAAM,190,CSRE,189,SOC,189,SOC,289,,,Race and Immigration,5,0,,,,,,,,
AMSTUD,1B,COMM,1B,,,,,,,"Media, Culture, and Society",5,77,38,48,7,7,0,0,0,0
AMSTUD,155,HISTORY,155,,,,,,,The White Supremacist Constitution: American Constitutional History,5,29,,,,,,,,
ANTHRO,3,ARCHLGY,1,,,,,,,Introduction to Archaeology,5,67,30,29,23,17,0,1,0,0
ANTHRO,82,ANTHRO,282,HUMBIO,176A,,,,,Medical Anthropology,5,143,16,13,26,42,0,3,0,0
ANTHRO,131A,,,,,,,,,"Whose Ghost in the Machine? Cultures, Politics and Morals of Artificial Intelligence",3,0,,,,,,,,
ARCHLGY,124,ARCHLGY,224,,,,,,,"Archaeology of Food: production, consumption and ritual",5,16,,,,,,,,
ARCHLGY,128,CLASSICS,128,,,,,,,Europe Before the Romans: Early Complex Societies,5,0,,,,,,,,
ARCHLGY,145,CLASSICS,154,,,,,,,Sailing the Wine-Dark Sea: Maritime Archaeology of the Ancient Mediterranean,5,25,44,22,11,17,0,0,0,6
ARCHLGY,151,CLASSICS,151,,,,,,,Ten Things: An Archaeology of Design,3,110,26,39,21,13,1,0,0,0
ARTHIST,1A,CLASSICS,56,,,,,,,Decolonizing the Western Canon: Introduction to Art and Architecture from Prehistory to Medieval,5,21,,,,,,,,
ARTHIST,102,CLASSICS,162,,,,,,,Introduction to Greek Art II: The Classical Period,4,24,,,,,,,,
ARTHIST,182B,ARTHIST,382B,,,,,,,Cultures in Competition: Arts of Song-Era China,4,4,,,,,,,,
ARTHIST,194,CHILATST,195,CSRE,195,,,,,U.S. Latinx Art,5,0,,,,,,,,
BIO,30,,,,,,,,,Ecology for Everyone,4,121,14,29,46,11,0,0,0,0
BIO,45,,,,,,,,,Introduction to Laboratory Research in Cell and Molecular Biology,4,125,1,42,33,23,0,1,0,0
BIO,46,,,,,,,,,Introduction to Research in Ecology and Evolutionary Biology,4,19,0,21,29,48,2,0,0,0
BIO,62,,,,,,,,,Microbiology Experiments,4,18,,,,,,,,
BIO,82,,,,,,,,,Genetics,4,195,,,,,,,,
BIO,84,,,,,,,,,Physiology,4,195,,,,,,,,
BIO,85,,,,,,,,,Evolution,4,31,,,,,,,,
BIO,109A,BIOC,109A,BIOC,209A,HUMBIO,158,,,Building Blocks for Chronic Disease,3,60,4,13,42,23,2,8,0,8
BIO,112,HUMBIO,133,,,,,,,Human Physiology,4,119,0,1,50,47,0,0,0,2
BIO,113,BIO,244,,,,,,,Fundamentals of Molecular Evolution,4,20,,,,,,,,
BIO,120,BIO,220,,,,,,,Prokaryotic Biology - A Quantitative Approach,3,0,,,,,,,,
BIO,141,STATS,141,,,,,,,Biostatistics,5,218,5,11,29,32,1,14,1,7
BIO,154,,,,,,,,,Molecular and Cellular Neurobiology,4,44,,,,,,,,
BIO,160,,,,,,,,,Developmental Biology,4,34,,,,,,,,
BIO,180,EARTHSYS,255,ESS,255,GEOLSCI,233A,,,Microbial Physiology,3,46,,,,,,,,
CHEM,31B,,,,,,,,,Chemical Principles II,5,215,87,9,2,1,0,0,1,0
CHEM,33,,,,,,,,,Structure and Reactivity of Organic Molecules,5,234,88,6,4,2,0,0,0,0
CHEM,121,,,,,,,,,Understanding the Natural and Unnatural World through Chemistry,5,127,8,80,10,2,0,0,0,0
CHEM,123,,,,,,,,,Organic Polyfunctional Compounds,3,27,2,71,22,4,0,1,0,0
CHEM,124,,,,,,,,,Organic Chemistry Laboratory,3,10,1,40,34,23,2,0,0,0
CHEM,151,,,,,,,,,Inorganic Chemistry I,4,62,11,29,21,35,0,0,4,0
CHEM,174,CHEM,274,,,,,,,Electrochemical Measurements Lab,3,42,,,,,,,,
CHEM,175,,,,,,,,,Physical Chemistry III,3,66,0,4,88,6,2,0,0,0
CHILATST,112,,,,,,,,,"(Afro)Latinx in Reggaeton & Hip Hop: Blackness, Feminisms, and Performances",3,0,,,,,,,,
CHILATST,177B,CSRE,177F,EDUC,177B,,,,,Well-Being in Immigrant Children & Youth: A Service Learning Course,4,19,,,,,,,,
CHILATST,180E,CSRE,180E,EDUC,179E,,,,,Introduction to Chicanx/Latinx Studies,5,42,,,,,,,,
CHINA,111,CHINA,211,,,,,,,Literature in 20th-Century China,5,22,,,,,,,,
CLASSICS,83,HISTORY,101,,,,,,,The Greeks,5,62,32,28,20,20,0,0,0,0
CLASSICS,112,TAPS,167,,,,,,,"Introduction to Greek Tragedy: Gods, Heroes, Fate, and Justice",4,67,,,,,,,,
CLASSICS,165,ARCHLGY,109,,,,,,,Religions of Ancient Eurasia,5,7,,,,,,,,
CLASSICS,185,,,,,,,,,Reading the Archimedes Palimpsest,5,0,,,,,,,,
COMM,106,COMM,206,,,,,,,Communication Research Methods,5,77,1,15,25,28,0,28,0,3
COMM,124,COMM,224,,,,,,,"Truth, Trust, and Tech",5,87,,,,,,,,
COMM,158,COMM,258,,,,,,,Censorship and Propaganda,5,30,,,,,,,,
COMM,172,COMM,272,,,,,,,Media Psychology,5,101,23,30,16,19,3,6,0,3
COMM,184,COMM,284,,,,,,,Race and Media,5,0,,,,,,,,
COMPLIT,154A,ENGLISH,154F,FRENCH,154,ITALIAN,154,PHIL,193C,Film & Philosophy,3,51,,,,,,,,
COMPLIT,161E,ENGLISH,161,,,,,,,Narrative and Narrative Theory,5,22,11,26,34,23,6,0,0,0
COMPLIT,208,,,,,,,,,The Cosmopolitan Introvert: Modern Greek Poetry and its Itinerants,5,3,,,,,,,,
CSRE,1T,STS,1,,,,,,,The Public Life of Science and Technology,4,63,31,40,18,10,1,0,0,0
CSRE,5C,FEMGEN,5C,HISTORY,5C,INTNLREL,5C,,,"Human Trafficking: Historical, Legal, and Medical Perspectives",3,94,41,16,19,23,0,1,0,0
CSRE,85B,HISTORY,85B,JEWISHST,85B,REES,85B,,,"Jews in the Contemporary World: The American Jewish Present & Past in Popular Culture, Film, & TV",3,10,,,,,,,,
CSRE,105C,FEMGEN,105C,HISTORY,105C,INTNLREL,105C,,,"Human Trafficking: Historical, Legal, and Medical Perspectives",5,99,45,33,11,11,0,0,0,0
CSRE,141S,POLISCI,141A,,,,,,,Immigration and Multiculturalism,5,5,,,,,,,,
CSRE,175W,ETHICSOC,175W,PHIL,175W,PHIL,275W,,,"Philosophy of Law: Protest, Punishment, and Racial Justice",4,0,,,,,,,,
CSRE,185B,HISTORY,185B,JEWISHST,185B,REES,185B,,,"Jews in the Contemporary World: The American Jewish Present & Past in Popular Culture, Film, & TV",5,18,,,,,,,,
EASTASN,77,EASTASN,277,,,,,,,Divided Memories & Reconciliation: the formation of wartime historical memory in the Pacific,4,0,,,,,,,,
EASTASN,97,EASTASN,297,,,,,,,The International Relations of Asia since World War II,5,39,11,0,0,6,0,83,0,0
EASTASN,179,EASTASN,279,,,,,,,Rebalancing Economic Systems in a World Driven by Tech: Quality-of-Life in Socio-Cultural Context,4,0,,,,,,,,
ECON,1,,,,,,,,,Principles of Economics,5,674,66,21,6,3,0,0,4,0
ECON,44,,,,,,,,,The Modern Financial System,3,0,,,,,,,,
ECON,50,,,,,,,,,Economic Analysis I,5,340,14,65,17,3,0,1,0,0
ECON,52,,,,,,,,,Economic Analysis III,5,149,4,46,37,12,0,1,0,0
ECON,102A,,,,,,,,,Introduction to Statistical Methods (Postcalculus) for Social Scientists,5,225,22,50,13,9,1,3,0,2
ECON,102B,,,,,,,,,Applied Econometrics,5,137,4,53,28,11,0,1,0,3
ECON,102C,,,,,,,,,Advanced Topics in Econometrics,5,38,6,25,6,19,0,6,0,38
ECON,118,,,,,,,,,Development Economics,5,68,0,4,46,41,0,7,0,2
ECON,131,,,,,,,,,The Chinese Economy,4,18,,,,,,,,
ECON,136,,,,,,,,,Market Design,5,88,0,24,58,12,0,0,0,6
ECON,144,,,,,,,,,Family and Society,5,9,,,,,,,,
ECON,149,,,,,,,,,The Modern Firm in Theory and Practice,5,73,0,2,70,28,0,0,0,0
ECON,150,PUBLPOL,104,PUBLPOL,204,,,,,Economic Policy Analysis,5,43,0,7,41,45,0,7,0,0
ECON,155,,,,,,,,,Environmental Economics and Policy,5,53,0,16,39,34,2,5,2,2
ECON,178,,,,,,,,,Behavioral Economics,5,127,7,23,42,28,0,0,0,0
ENGLISH,10D,,,,,,,,,"Introduction to English I: Women, Gender, and Sexuality in Early British Literature",5,0,,,,,,,,
ENGLISH,11A,,,,,,,,,Introduction to English II: From Milton to the Romantics ,5,51,,,,,,,,
ENGLISH,115G,,,,,,,,,Shakespeare: Five Tragedies,5,0,,,,,,,,
ENGLISH,160,,,,,,,,,Poetry and Poetics,5,180,15,33,24,26,0,0,0,2
ENGLISH,161,COMPLIT,161E,,,,,,,Narrative and Narrative Theory,5,175,11,26,34,23,6,0,0,0
ETHICSOC,109,,,,,,,,,On Condoned Violence: from Punishment to Pleasure,5,0,,,,,,,,
ETHICSOC,134R,POLISCI,132A,,,,,,,The Ethics of Elections,5,42,,,,,,,,
ETHICSOC,136R,INTNLREL,136R,PHIL,76,POLISCI,136R,POLISCI,336,Introduction to Global Justice,4,70,23,38,23,0,0,8,8,0
ETHICSOC,176,PHIL,176,PHIL,276,POLISCI,137A,POLISCI,337A,Political Philosophy: The Social Contract Tradition,4,11,,,,,,,,
FILMPROD,115,,,,,,,,,Immersive Cinema: Experiments in Virtual Reality,4,0,,,,,,,,
HISTORY,1B,,,,,,,,,"Global History: The Early Modern World, 1300 to 1800",5,25,30,32,19,19,0,0,0,0
HISTORY,15D,HISTORY,115D,RELIGST,115X,,,,,"Europe in the Middle Ages, 300-1500",5,34,,,,,,,,
HISTORY,39,,,,,,,,,Modern Britain and the British Empire,3,36,,,,,,,,
HISTORY,40,,,,,,,,,World History of Science,3,51,44,32,12,8,0,4,0,0
HISTORY,74,,,,,,,,,Mexico Since 1876: The Road to Ayotzinapa,3,0,,,,,,,,
HISTORY,81B,,,,,,,,,Formation of the Contemporary Middle East,3,5,,,,,,,,
HISTORY,87,,,,,,,,,"The Islamic Republics: Politics and Society in Iran, Afghanistan and Pakistan",3,48,,,,,,,,
HISTORY,139,,,,,,,,,Modern Britain and the British Empire,5,36,,,,,,,,
HISTORY,140,,,,,,,,,World History of Science,5,51,16,16,22,43,3,0,0,0
HISTORY,152K,INTNLREL,168,INTNLREL,168W,,,,,America as a World Power in the Modern Era,5,9,34,19,0,14,0,0,33,0
HISTORY,174,,,,,,,,,Mexico Since 1876: The Road to Ayotzinapa,5,0,,,,,,,,
HISTORY,181B,,,,,,,,,Formation of the Contemporary Middle East,5,32,,,,,,,,
HISTORY,187,,,,,,,,,"The Islamic Republics: Politics and Society in Iran, Afghanistan and Pakistan",5,48,13,33,21,33,0,0,0,0
HUMBIO,3A,,,,,,,,,Cell and Developmental Biology,5,314,2,94,4,0,0,0,0,0
HUMBIO,3B,,,,,,,,,Environmental and Health Policy Analysis,5,243,1,94,5,0,0,0,0,0
HUMBIO,29G,,,,,,,,,Gender and Intersectionality in Global Health,3,23,,,,,,,,
HUMBIO,88,,,,,,,,,Introduction to Statistics for the Health Sciences,4,63,10,3,35,46,6,0,0,0
HUMBIO,122E,EDUC,429,PEDS,229,,,,,Reducing Health Disparities and Closing the Achievement Gap through Health Integration in Schools,3,0,,,,,,,,
HUMBIO,129S,,,,,,,,,Global Public Health,3,114,12,9,48,26,2,3,0,0
HUMBIO,140,FEMGEN,241,MED,240,,,,,Sex and Gender in Human Physiology and Disease,3,49,2,5,50,38,3,2,0,0
HUMBIO,143,,,,,,,,,Adolescent Sexuality,4,25,0,2,58,40,0,0,0,0
HUMBIO,154C,,,,,,,,,Cancer Epidemiology,4,89,0,0,27,50,0,18,0,5
HUMBIO,174,,,,,,,,,Foundations of Bioethics,3,138,3,9,44,22,3,19,0,0
INTNLREL,110C,POLISCI,110C,POLISCI,110X,,,,,America and the World Economy,5,48,11,42,18,26,3,0,0,0
INTNLREL,143,SOC,111,SOC,211,,,,,State and Society in Korea,4,7,,,,,,,,
INTNLREL,168,HISTORY,152K,INTNLREL,168W,,,,,America as a World Power in the Modern Era,5,9,34,19,0,14,0,0,33,0
LINGUIST,105,LINGUIST,205A,,,,,,,Phonetics,4,60,,,,,,,,
LINGUIST,130A,LINGUIST,230A,,,,,,,Introduction to Semantics and Pragmatics,4,92,0,24,41,13,0,2,0,20
LINGUIST,150,,,,,,,,,Language and Society,4,47,,,,,,,,
MATH,19,,,,,,,,,Calculus,3,299,74,8,5,3,0,0,10,0
MATH,20,,,,,,,,,Calculus,3,274,89,7,3,1,0,0,0,0
MATH,21,,,,,,,,,Calculus,4,473,84,9,5,1,0,0,0,1
MATH,51,,,,,,,,,"Linear Algebra, Multivariable Calculus, and Modern Applications",5,940,81,11,2,1,0,0,4,1
MATH,52,,,,,,,,,Integral Calculus of Several Variables,5,180,62,26,8,2,1,0,0,1
MATH,53,,,,,,,,,Ordinary Differential Equations with Linear Algebra,5,244,40,42,12,4,1,0,1,0
MATH,56,,,,,,,,,Proofs and Modern Mathematics,3,0,,,,,,,,
MATH,62CM,,,,,,,,,Modern Mathematics: Continuous Methods,5,60,95,5,0,0,0,0,0,0
MATH,62DM,,,,,,,,,Modern Mathematics: Discrete Methods,5,42,,,,,,,,
MATH,104,,,,,,,,,Applied Matrix Theory,3,169,3,31,17,18,2,17,0,12
MATH,107,,,,,,,,,Graph Theory,3,53,,,,,,,,
MATH,110,,,,,,,,,Applied Number Theory and Field Theory,3,58,17,22,38,17,0,0,0,6
MATH,113,,,,,,,,,Linear Algebra and Matrix Theory,3,258,14,36,21,10,2,13,0,4
MATH,121,,,,,,,,,Galois Theory,3,50,22,41,31,6,0,0,0,0
MATH,131P,,,,,,,,,Partial Differential Equations,3,76,11,48,22,13,1,4,0,1
MATH,136,STATS,219,,,,,,,Stochastic Processes,3,35,3,18,10,10,0,23,1,35
MATH,144,,,,,,,,,Introduction to Topology and Geometry,3,0,,,,,,,,
MATH,151,,,,,,,,,Introduction to Probability Theory,3,14,18,23,14,26,14,0,0,5
MATH,152,,,,,,,,,Elementary Theory of Numbers,3,63,19,43,19,16,0,3,0,0
MATH,161,,,,,,,,,Set Theory,3,40,9,45,27,14,0,0,5,0
MATH,173,,,,,,,,,Theory of Partial Differential Equations,3,11,,,,,,,,
MUSIC,1A,,,,,,,,,"Music, Mind, and Human Behavior",3,62,,,,,,,,
MUSIC,19A,,,,,,,,,Introduction to Music Theory,3,170,27,36,16,15,0,1,0,5
MUSIC,20B,,,,,,,,,Advanced Jazz Theory,3,4,,,,,,,,
MUSIC,22,,,,,,,,,Elements of Music II,3,49,46,27,15,4,0,0,0,8
MUSIC,101,,,,,,,,,Introduction to Creating Electronic Sounds,4,54,,,,,,,,
MUSIC,122B,,,,,,,,,Analysis of Tonal Music,4,9,,,,,,,,
MUSIC,127A,,,,,,,,,Instrumentation and Orchestration,3,5,,,,,,,,
MUSIC,220B,,,,,,,,,"Compositional Algorithms, Psychoacoustics, and Computational Music",4,14,,,,,,,,
MUSIC,222,,,,,,,,,Sound in Space,4,11,,,,,,,,
NATIVEAM,100,,,,,,,,,Introduction to Native American Studies,3,0,,,,,,,,
PHIL,71H,,,,,,,,,Introduction to Aesthetics,4,0,,,,,,,,
PHIL,80,,,,,,,,,"Mind, Matter, and Meaning",5,283,4,39,35,21,0,0,1,0
PHIL,85,,,,,,,,,Topics in Philosophy of Medicine,4,0,,,,,,,,
PHIL,151,PHIL,251,,,,,,,Metalogic,4,68,16,22,22,30,0,2,0,8
PHIL,165,PHIL,265,,,,,,,Philosophy of Physics: Space and Time,4,27,18,18,34,0,0,6,0,24
PHIL,169M,PHIL,269M,,,,,,,Topics in 18th Century Natural Philosophy: Virtues and Technology,4,0,,,,,,,,
PHIL,186,PHIL,286,,,,,,,Philosophy of Mind,4,30,,,,,,,,
PHIL,187,PHIL,287,,,,,,,Philosophy of Action,4,34,,,,,,,,
PHYSICS,16,,,,,,,,,The Origin and Development of the Cosmos,3,158,36,23,17,20,2,2,0,0
PHYSICS,23,,,,,,,,,"Electricity, Magnetism, and Optics",4,227,5,10,64,17,2,1,1,0
PHYSICS,43,,,,,,,,,Electricity and Magnetism,4,469,62,25,9,2,2,0,0,0
PHYSICS,63,,,,,,,,,"Electricity, Magnetism, and Waves",4,109,89,10,1,0,0,0,0,0
PHYSICS,112,,,,,,,,,Mathematical Methods for Physics,4,51,15,75,10,0,0,0,0,0
PHYSICS,113,,,,,,,,,Computational Physics,4,46,,,,,,,,
PHYSICS,120,,,,,,,,,Intermediate Electricity and Magnetism I,4,84,9,71,18,0,0,0,0,2
PHYSICS,130,,,,,,,,,Quantum Mechanics I,4,86,15,43,38,4,0,0,0,0
PHYSICS,160,PHYSICS,260,,,,,,,Introduction to Stellar and Galactic Astrophysics,3,15,,,,,,,,
PHYSICS,166,PHYSICS,266,,,,,,,Statistical Methods in Experimental Physics,3,3,,,,,,,,
PHYSICS,171,,,,,,,,,"Thermodynamics, Kinetic Theory, and Statistical Mechanics II",4,46,10,3,10,16,0,0,0,61
PHYSICS,191,,,,,,,,,Scientific Communication in Physics,3,0,,,,,,,,
POLISCI,114S,,,,,,,,,International Security in a Changing World,5,207,26,26,25,12,0,8,3,0
POLISCI,120C,PUBLPOL,124,,,,,,,American Political Institutions in Uncertain Times,5,46,27,41,12,12,0,8,0,0
POLISCI,148,POLISCI,348,,,,,,,Chinese Politics,5,50,18,24,9,12,0,37,0,0
POLISCI,150B,POLISCI,355B,,,,,,,Machine Learning for Social Scientists,5,49,,,,,,,,
PSYCH,1,,,,,,,,,Introduction to Psychology,5,544,69,20,7,4,0,0,0,0
PSYCH,10,STATS,60,STATS,160,,,,,Introduction to Statistical Methods: Precalculus,5,319,27,26,23,16,1,1,5,1
PSYCH,35,CS,24,LINGUIST,35,PHIL,99,SYMSYS,1,Minds and Machines,4,183,39,34,15,12,0,0,0,0
PSYCH,50,,,,,,,,,Introduction to Cognitive Neuroscience,4,321,23,38,27,11,1,0,0,0
PSYCH,90,,,,,,,,,Introduction to Clinical Psychology: A Neuroscience Perspective,3,91,4,33,39,20,3,1,0,0
PSYCH,145A,PUBLPOL,141,SOC,141,SOC,241,URBANST,149,Monitoring the Crisis,5,0,,,,,,,,
PUBLPOL,168,PUBLPOL,268,SOC,168,SOC,268,,,Global Organizations: The Matrix of Change,4,15,,,,,,,,
PUBLPOL,308,,,,,,,,,Political Analysis for Public Policymakers,4,21,5,0,0,21,0,69,0,5
RELIGST,3,,,,,,,,,The Religious Life of Things,5,0,9,27,46,18,0,0,0,0
RELIGST,56,,,,,,,,,Exploring Chinese Religions,4,25,,,,,,,,
RELIGST,61,,,,,,,,,Exploring Islam,4,14,,,,,,,,
LAWGEN,112N,,,,,,,,,Law and Inequality,3,0,,,,,,,,
SOC,120,SOC,220,,,,,,,Interpersonal Relations,4,15,15,19,33,21,0,6,4,2
SOC,170,SOC,270,,,,,,,Classics of Modern Social Theory,4,29,,,,,,,,
SOC,180B,CSRE,180B,SOC,280B,,,,,Introduction to Data Analysis,4,86,,,,,,,,
STATS,191,,,,,,,,,Introduction to Applied Statistics,3,167,3,13,16,20,1,33,1,13
SYMSYS,195N,CS,224N,LINGUST,284,,,,,Natural Language Processing with Deep Learning,4,0,3,6,9,14,1,54,2,11
URBANST,110,HISTORY,107,,,,,,,Introduction to Urban Studies,4,118,29,24,30,15,1,1,0,0